{
  "f_low": 110,
  "f_mid": 2100,
  "f_upper_mid": 5200,
  "f_high": 8600,
  "g_gain": 6.000005722,
  "g_low": 1.800004244,
  "g_mid": 4.200004578,
  "g_upper_mid": 2.399996042,
  "g_high": -0.200004086,
  "active": true,
  "t_low": 3,
  "t_mid": 3,
  "t_upper_mid": 7,
  "q_low": 1.199999809,
  "q_mid": 0.499999672,
  "q_upper_mid": 0.300000012,
  "q_high": 0.300000012,
  "s_low": false,
  "s_mid": false,
  "s_upper_mid": false,
  "s_high": false,
  "g_ratio": 32
}
