{
  "drums_volume": 0.95,
  "note": [
    210,
    211,
    212,
    213,
    214,
    215,
    216,
    217,
    44,
    45,
    46,
    47,
    48,
    49,
    50,
    51,
    52,
    53,
    54,
    55,
    56,
    57,
    58,
    59,
    60,
    61,
    62,
    63,
    64,
    65,
    66,
    67,
    68,
    69,
    70,
    71,
    72,
    73,
    74,
    75,
    76,
    77,
    78,
    79,
    80,
    81,
    82,
    83,
    84,
    85,
    86,
    87,
    88,
    89,
    90,
    92,
    91,
    93,
    94,
    95,
    96,
    97,
    98,
    99,
    100,
    101,
    102,
    103,
    104,
    105,
    106,
    107
  ],
  "pitch": [
    0,
    0,
    0,
    0,
    0,
    0,
    0,
    0,
    0,
    0,
    0,
    0,
    0,
    0,
    0,
    0,
    0,
    0,
    0,
    0,
    0,
    0,
    0,
    0,
    0,
    0,
    0,
    0,
    0,
    0,
    0,
    0,
    0,
    0,
    0,
    0,
    0,
    0,
    0,
    0,
    0,
    0,
    0,
    0,
    0,
    0,
    0,
    0,
    0,
    0,
    0,
    0,
    0,
    0,
    0,
    0,
    0,
    0,
    0,
    0,
    0,
    0,
    0,
    0,
    0,
    0,
    0,
    0,
    0,
    0,
    0,
    0
  ],
  "p_offset": [
    1,
    1,
    1,
    1,
    1,
    1,
    0,
    0,
    0,
    0,
    0,
    0,
    0,
    0,
    0,
    0,
    0,
    0,
    0,
    0,
    0,
    0,
    0,
    0,
    0,
    0,
    0,
    0,
    0,
    0,
    0,
    0,
    0,
    0,
    0,
    0,
    0,
    0,
    0,
    0,
    0,
    0,
    0,
    0,
    0,
    0,
    0,
    0,
    0,
    0,
    0,
    0,
    0,
    0,
    0,
    0,
    0,
    0,
    0,
    0,
    0,
    0,
    0,
    0,
    0,
    0,
    0,
    0,
    0,
    0,
    0,
    0
  ],
  "pan": [
    0,
    0,
    0.020202,
    0.2,
    0.121212,
    0.8,
    0,
    0,
    -0.030303,
    -0.010101,
    -0.20202,
    0.040404,
    -0.020202,
    -0.424242,
    0.111111,
    -0.080808,
    0.1,
    0.252525,
    -0.262626,
    -0.535354,
    0.505051,
    0,
    0.252525,
    0.414141,
    0.242424,
    0,
    0,
    0.252525,
    -0.414141,
    -0.262626,
    -0.444444,
    0,
    0,
    0.171717,
    0.40404,
    0,
    0,
    0,
    0.636364,
    0,
    0,
    0,
    0,
    0,
    0,
    0,
    0,
    0,
    0,
    0,
    0,
    0,
    0,
    0,
    0,
    0,
    0,
    0,
    0,
    0,
    0,
    0,
    0,
    0,
    0,
    0,
    0,
    0,
    0,
    0,
    0,
    0
  ],
  "vol_max": [
    0.94,
    0.72,
    1,
    0.83,
    0.8,
    0.8,
    0.8,
    0.8,
    1,
    1,
    0.82,
    0.98,
    0.84,
    0.77,
    0.91,
    0.61,
    0.5,
    0.55,
    0.55,
    0.62,
    0.6,
    0,
    0.49,
    0.57,
    0.64,
    0,
    0,
    0.56,
    1,
    0.86,
    0.54,
    0.85,
    0,
    0.85,
    0.73,
    0,
    0,
    0,
    0.48,
    0.22,
    0,
    0,
    0,
    0,
    0.41,
    0,
    0,
    0,
    0,
    0,
    0,
    0,
    0,
    0,
    0.85,
    0.91,
    0,
    0,
    0,
    0,
    0,
    0,
    0,
    0,
    0.64,
    0,
    0.94,
    0,
    0,
    0,
    0,
    0
  ],
  "vol_min": [
    0,
    0,
    0,
    0.2,
    0.3,
    0.3,
    0,
    0,
    0.3,
    0,
    0,
    0,
    0,
    0,
    0,
    0,
    0,
    0,
    0,
    0,
    0,
    0,
    0,
    0,
    0,
    0,
    0,
    0,
    0,
    0,
    0,
    0,
    0,
    0,
    0,
    0,
    0,
    0,
    0,
    0,
    0,
    0,
    0,
    0,
    0,
    0,
    0,
    0,
    0,
    0,
    0,
    0,
    0,
    0,
    0,
    0,
    0,
    0,
    0,
    0,
    0,
    0,
    0,
    0,
    0,
    0,
    0,
    0,
    0,
    0,
    0,
    0
  ],
  "reverb_send": [
    0,
    0.1,
    0.2,
    0,
    0.55,
    0,
    0,
    0,
    0,
    0,
    0,
    0,
    0,
    0.47,
    0.84,
    0.66,
    0.1,
    0.48,
    0.17,
    0.57,
    0,
    0,
    0,
    0.61,
    0.53,
    0,
    0,
    0.74,
    0,
    0,
    0.63,
    0,
    0,
    0,
    0,
    0,
    0,
    0,
    0.46,
    0,
    0,
    0,
    0,
    0,
    0,
    0,
    0,
    0,
    0,
    0,
    0,
    0,
    0,
    0,
    0,
    0,
    0,
    0,
    0,
    0,
    0,
    0,
    0,
    0,
    0,
    0,
    0,
    0,
    0,
    0,
    0,
    0
  ]
}