{
  "drums_volume": 0.949999988,
  "note": [
    210,
    211,
    212,
    213,
    214,
    215,
    44,
    45,
    46,
    47,
    48,
    49,
    50,
    51,
    52,
    53,
    54,
    55,
    56,
    57,
    58,
    59,
    60,
    61,
    62,
    63,
    64,
    65,
    66,
    67,
    68,
    69,
    70,
    71,
    72,
    73,
    74,
    75,
    76,
    77,
    78,
    79,
    80,
    81,
    82,
    83,
    84,
    85,
    86,
    87,
    88,
    89,
    90,
    92,
    91,
    93,
    94,
    95,
    96,
    97,
    98,
    99,
    100,
    101,
    102,
    103,
    104,
    105,
    106,
    107
  ],
  "pitch": [
    1.498307109,
    0,
    0,
    0,
    0,
    0,
    0,
    0,
    0,
    0,
    0,
    0,
    0,
    0,
    0,
    0,
    0,
    0,
    0,
    0,
    0,
    0,
    0,
    0,
    0,
    0,
    0,
    0,
    0,
    0.806532979,
    0,
    1,
    0,
    1,
    0,
    0,
    0,
    1,
    0,
    0,
    1,
    0,
    0,
    0,
    0,
    0,
    0,
    0,
    0,
    1,
    0,
    1,
    1.004999995,
    0,
    0,
    0,
    0,
    0,
    0,
    0,
    0,
    0,
    0,
    0,
    0,
    0,
    0,
    0,
    0,
    0
  ],
  "p_offset": [
    1,
    1,
    1,
    1,
    1,
    1,
    0,
    0,
    0,
    0,
    0,
    0,
    0,
    0,
    0,
    0,
    0,
    0,
    0,
    0,
    0,
    0,
    0,
    0,
    0,
    0,
    0,
    0,
    0,
    0,
    0,
    0,
    0,
    0,
    0,
    0,
    0,
    1,
    0,
    0,
    1,
    0,
    0,
    0,
    0,
    0,
    0,
    0,
    0,
    1,
    0,
    0,
    1,
    0,
    0,
    0,
    0,
    0,
    0,
    0,
    0,
    0,
    0,
    0,
    0,
    0,
    0,
    0,
    0,
    0
  ],
  "pan": [
    0,
    -1,
    1,
    0.200000003,
    0.800000012,
    0.800000012,
    0.800000012,
    -0.699999988,
    -0.5,
    -0.600000024,
    -0.600000024,
    0,
    0,
    0,
    0.100000001,
    -0.200000003,
    1,
    -0.200000003,
    0.200000003,
    0,
    0,
    0,
    0,
    0,
    0,
    0,
    0,
    0,
    -0.191918999,
    0,
    0,
    0.010101,
    0.212120995,
    0,
    0,
    0,
    0,
    0,
    0,
    0,
    0.262625992,
    0,
    0,
    0.626263022,
    0.626263022,
    -0.454544991,
    -0.242423996,
    0,
    0,
    -0.505051017,
    0,
    0.303030014,
    -0.464646012,
    -0.111111,
    0,
    0,
    -0.444444001,
    0.383837998,
    -0.383837998,
    0.010101,
    0,
    0,
    0,
    0,
    0,
    0,
    0,
    0,
    0,
    0
  ],
  "vol_max": [
    1,
    0.600000024,
    0.600000024,
    0.600000024,
    0.800000012,
    0.800000012,
    0.800000012,
    0.800000012,
    0.800000012,
    0.300000012,
    0.300000012,
    0.800000012,
    0.899999976,
    0.5,
    0.920000017,
    0.839999974,
    0.600000024,
    0.439999998,
    0.600000024,
    0,
    0,
    0.50999999,
    0,
    0,
    0,
    1,
    1,
    0,
    0.930000007,
    0.949999988,
    0,
    1,
    0.790000021,
    0.600000024,
    0.980000019,
    0,
    0,
    0.829999983,
    0.389999986,
    0.569999993,
    0.670000017,
    0,
    0,
    0.649999976,
    0.75,
    0.680000007,
    0.75999999,
    0,
    0,
    0.870000005,
    0.550000012,
    0.819999993,
    0.810000002,
    0.769999981,
    0,
    0,
    0.360000014,
    0,
    0.419999987,
    0.769999981,
    0,
    0,
    0,
    0,
    0,
    0,
    0,
    0,
    0.899999976,
    0.800000012
  ],
  "vol_min": [
    0,
    0,
    0,
    0.200000003,
    0.300000012,
    0.300000012,
    0.300000012,
    0,
    0,
    0,
    0,
    0,
    0,
    0,
    0,
    0,
    0,
    0,
    0,
    0,
    0,
    0,
    0,
    0,
    0,
    0,
    0,
    0,
    0,
    0,
    0,
    0,
    0,
    0,
    0,
    0,
    0,
    0,
    0,
    0,
    0,
    0,
    0,
    0,
    0,
    0,
    0,
    0,
    0,
    0,
    0,
    0,
    0,
    0,
    0,
    0,
    0,
    0,
    0,
    0,
    0,
    0,
    0,
    0,
    0,
    0,
    0,
    0,
    0,
    0
  ],
  "reverb_send": [
    0,
    0.100000001,
    0.200000003,
    0,
    0,
    0,
    0,
    0,
    0,
    0,
    0,
    0,
    0,
    0,
    0.600000024,
    0,
    0,
    0.239999995,
    0,
    0,
    0,
    0,
    0,
    0,
    0,
    0,
    0,
    0,
    0.620000005,
    0.560000002,
    0,
    0,
    0,
    0.319999993,
    0,
    0,
    0,
    0.680000007,
    0,
    0,
    0,
    0,
    0,
    0.370000005,
    0.340000004,
    0,
    0.439999998,
    0,
    0,
    0.439999998,
    0,
    0,
    0.409999996,
    0.469999999,
    0,
    0,
    0,
    0,
    0,
    0,
    0,
    0,
    0,
    0,
    0,
    0,
    0,
    0,
    0,
    0
  ]
}