{
  "drums_volume": 0.95,
  "note": [
    210,
    211,
    212,
    213,
    214,
    215,
    44,
    45,
    46,
    47,
    48,
    49,
    50,
    51,
    52,
    53,
    54,
    55,
    56,
    57,
    58,
    59,
    60,
    61,
    62,
    63,
    64,
    65,
    66,
    67,
    68,
    69,
    70,
    71,
    72,
    73,
    74,
    75,
    76,
    77,
    78,
    79,
    80,
    81,
    82,
    83,
    84,
    85,
    86,
    87,
    88,
    89,
    90,
    92,
    91,
    93,
    94,
    95,
    96,
    97,
    98,
    99,
    100,
    101,
    102,
    103,
    104,
    105,
    106,
    107
  ],
  "pitch": [
    1.33484,
    0,
    0,
    0,
    0,
    0,
    0,
    0,
    0,
    0,
    0,
    0,
    0,
    0,
    0,
    0,
    0,
    0,
    0,
    0,
    0,
    0,
    0,
    0,
    0,
    0,
    0,
    0,
    0,
    0.806533,
    0,
    1,
    0,
    1,
    0,
    0,
    0,
    1,
    0,
    0,
    1,
    0,
    0,
    0,
    0,
    0,
    0,
    0,
    0,
    1,
    0,
    1,
    1.005,
    0,
    0,
    0,
    0,
    0,
    0,
    0,
    0,
    0,
    0,
    0,
    0,
    0,
    0,
    0,
    0,
    0
  ],
  "p_offset": [
    1,
    1,
    1,
    1,
    1,
    1,
    0,
    0,
    0,
    0,
    0,
    0,
    0,
    0,
    0,
    0,
    0,
    0,
    0,
    0,
    0,
    0,
    0,
    0,
    0,
    0,
    0,
    0,
    0,
    0,
    0,
    0,
    0,
    0,
    0,
    0,
    0,
    1,
    0,
    0,
    1,
    0,
    0,
    0,
    0,
    0,
    0,
    0,
    0,
    1,
    0,
    0,
    1,
    0,
    0,
    0,
    0,
    0,
    0,
    0,
    0,
    0,
    0,
    0,
    0,
    0,
    0,
    0,
    0,
    0
  ],
  "pan": [
    0,
    -1,
    1,
    0.2,
    0.8,
    0.8,
    0.8,
    -0.7,
    -0.5,
    -0.6,
    -0.6,
    0,
    0,
    0,
    0.1,
    -0.2,
    1,
    -0.2,
    0.2,
    0,
    0,
    0,
    0,
    0,
    0,
    0,
    0,
    0,
    -0.191919,
    0,
    0,
    0.010101,
    0.212121,
    0,
    0,
    0,
    0,
    0,
    0,
    0,
    0.262626,
    0,
    0,
    0.626263,
    0.626263,
    -0.454545,
    -0.242424,
    0,
    0,
    -0.505051,
    0,
    0.30303,
    -0.464646,
    -0.111111,
    0,
    0,
    -0.444444,
    0.383838,
    -0.383838,
    0.010101,
    0,
    0,
    0,
    0,
    0,
    0,
    0,
    0,
    0,
    0
  ],
  "vol_max": [
    1,
    0.6,
    0.6,
    0.6,
    0.8,
    0.8,
    0.8,
    0.8,
    0.8,
    0.3,
    0.3,
    0.8,
    0.9,
    0.5,
    0.92,
    0.84,
    0.6,
    0.44,
    0.6,
    0,
    0,
    0.51,
    0,
    0,
    0,
    1,
    1,
    0,
    0.93,
    0.95,
    0,
    1,
    0.79,
    0.6,
    0.98,
    0,
    0,
    0.83,
    0.39,
    0.57,
    0.67,
    0,
    0,
    0.65,
    0.75,
    0.68,
    0.76,
    0,
    0,
    0.87,
    0.55,
    0.82,
    0.81,
    0.77,
    0,
    0,
    0.36,
    0,
    0.42,
    0.77,
    0,
    0,
    0,
    0,
    0,
    0,
    0,
    0,
    0.9,
    0.8
  ],
  "vol_min": [
    0,
    0,
    0,
    0.2,
    0.3,
    0.3,
    0.3,
    0,
    0,
    0,
    0,
    0,
    0,
    0,
    0,
    0,
    0,
    0,
    0,
    0,
    0,
    0,
    0,
    0,
    0,
    0,
    0,
    0,
    0,
    0,
    0,
    0,
    0,
    0,
    0,
    0,
    0,
    0,
    0,
    0,
    0,
    0,
    0,
    0,
    0,
    0,
    0,
    0,
    0,
    0,
    0,
    0,
    0,
    0,
    0,
    0,
    0,
    0,
    0,
    0,
    0,
    0,
    0,
    0,
    0,
    0,
    0,
    0,
    0,
    0
  ],
  "reverb_send": [
    0,
    0.1,
    0.2,
    0,
    0,
    0,
    0,
    0,
    0,
    0,
    0,
    0,
    0,
    0,
    0.6,
    0,
    0,
    0.24,
    0,
    0,
    0,
    0,
    0,
    0,
    0,
    0,
    0,
    0,
    0.62,
    0.56,
    0,
    0,
    0,
    0.32,
    0,
    0,
    0,
    0.68,
    0,
    0,
    0,
    0,
    0,
    0.37,
    0.34,
    0,
    0.44,
    0,
    0,
    0.44,
    0,
    0,
    0.41,
    0.47,
    0,
    0,
    0,
    0,
    0,
    0,
    0,
    0,
    0,
    0,
    0,
    0,
    0,
    0,
    0,
    0
  ]
}