{
  "drums_volume": 0.95,
  "note": [
    210,
    211,
    212,
    213,
    214,
    215,
    216,
    217,
    44,
    45,
    46,
    47,
    48,
    49,
    50,
    51,
    52,
    53,
    54,
    55,
    56,
    57,
    58,
    59,
    60,
    61,
    62,
    63,
    64,
    65,
    66,
    67,
    68,
    69,
    70,
    71,
    72,
    73,
    74,
    75,
    76,
    77,
    78,
    79,
    80,
    81,
    82,
    83,
    84,
    85,
    86,
    87,
    88,
    89,
    90,
    92,
    91,
    93,
    94,
    95,
    96,
    97,
    98,
    99,
    100,
    101,
    102,
    103,
    104,
    105,
    106,
    107
  ],
  "pitch": [
    0.420448,
    0.178691,
    0.140308,
    0,
    0,
    0.749154,
    0,
    0,
    0,
    0,
    0,
    0,
    0,
    0,
    0,
    0,
    0,
    0,
    0,
    0,
    0,
    0,
    0,
    0,
    0,
    0,
    0,
    0,
    0,
    0,
    0,
    0,
    0,
    0,
    0,
    0,
    1,
    1.025,
    1,
    0.96,
    1,
    0,
    0.97,
    0,
    0,
    0,
    0,
    0,
    0,
    0,
    0,
    0,
    0,
    0,
    0,
    0,
    0,
    0,
    0,
    0,
    0,
    0,
    0,
    0,
    0,
    0,
    0,
    0,
    0,
    0,
    0,
    0
  ],
  "p_offset": [
    1,
    0.85,
    1,
    1,
    1,
    1,
    0,
    0,
    0,
    0,
    0,
    0,
    0,
    0,
    0,
    0,
    0,
    0,
    0,
    0,
    0,
    0,
    0,
    0,
    0,
    0,
    0,
    0,
    0,
    0,
    0,
    0,
    0,
    0,
    0,
    0,
    0,
    0,
    0,
    0,
    0,
    0,
    0,
    0,
    0,
    0,
    0,
    0,
    0,
    0,
    0,
    0,
    0,
    0,
    0,
    0,
    0,
    0,
    0,
    0,
    0,
    0,
    0,
    0,
    0,
    0,
    0,
    0,
    0,
    0,
    0,
    0
  ],
  "pan": [
    0,
    0,
    -0.161616,
    0.2,
    0.8,
    -0.010101,
    0,
    0,
    0.8,
    -0.7,
    -0.5,
    -0.6,
    -0.6,
    0,
    0,
    0,
    0.1,
    -0.2,
    1,
    -0.2,
    0.2,
    0,
    0,
    0,
    0,
    0,
    0,
    0,
    0,
    0,
    -0.292929,
    0,
    0,
    0.232323,
    0,
    0,
    0,
    0,
    0,
    -0.191919,
    0,
    0,
    0.252525,
    0,
    0,
    0,
    0,
    0,
    0,
    0,
    0,
    0,
    0,
    0,
    0,
    0,
    0,
    0,
    0,
    0,
    0,
    0,
    0,
    0,
    0,
    0,
    0,
    0,
    0,
    0,
    0,
    0
  ],
  "vol_max": [
    1,
    0.62,
    0.43,
    0.6,
    0.8,
    0.71,
    0.8,
    0.8,
    0.8,
    0.8,
    0.8,
    0.3,
    0.3,
    0.8,
    1,
    0.68,
    0.59,
    0.91,
    0.5,
    0.6,
    0.67,
    0,
    0,
    0.47,
    0,
    0,
    0,
    1,
    1,
    0,
    0.79,
    0.71,
    0.9,
    1,
    0.68,
    0,
    1,
    0.91,
    0,
    0.69,
    0.87,
    0,
    0.61,
    0,
    0,
    0,
    0,
    0,
    0,
    0,
    0,
    0,
    0,
    0,
    1,
    0.76,
    0,
    0,
    0,
    0,
    0,
    0,
    0,
    0,
    0,
    0,
    0,
    0,
    0,
    0,
    0,
    0
  ],
  "vol_min": [
    0,
    0,
    0,
    0.2,
    0.3,
    0.3,
    0,
    0,
    0.3,
    0,
    0,
    0,
    0,
    0,
    0,
    0,
    0,
    0,
    0,
    0,
    0,
    0,
    0,
    0,
    0,
    0,
    0,
    0,
    0,
    0,
    0,
    0,
    0,
    0,
    0,
    0,
    0,
    0,
    0,
    0,
    0,
    0,
    0,
    0,
    0,
    0,
    0,
    0,
    0,
    0,
    0,
    0,
    0,
    0,
    0,
    0,
    0,
    0,
    0,
    0,
    0,
    0,
    0,
    0,
    0,
    0,
    0,
    0,
    0,
    0,
    0,
    0
  ],
  "reverb_send": [
    0,
    0.4,
    0.4,
    0,
    0,
    0.49,
    0,
    0,
    0,
    0,
    0,
    0,
    0,
    0,
    0,
    0,
    0.61,
    0,
    0,
    0,
    0,
    0,
    0,
    0,
    0,
    0,
    0,
    0,
    0,
    0,
    0.59,
    0.38,
    0,
    0.37,
    0,
    0,
    0,
    0,
    0,
    0.66,
    0.08,
    0,
    0,
    0,
    0,
    0,
    0,
    0,
    0,
    0,
    0,
    0,
    0,
    0,
    0,
    0,
    0,
    0,
    0,
    0,
    0,
    0,
    0,
    0,
    0,
    0,
    0,
    0,
    0,
    0,
    0,
    0
  ]
}