{
  "drums_volume": 0.95,
  "note": [
    210,
    211,
    212,
    213,
    214,
    215,
    44,
    45,
    46,
    47,
    48,
    49,
    50,
    51,
    52,
    53,
    54,
    55,
    56,
    57,
    58,
    59,
    60,
    61,
    62,
    63,
    64,
    65,
    66,
    67,
    68,
    69,
    70,
    71,
    72,
    73,
    74,
    75,
    76,
    77,
    78,
    79,
    80,
    81,
    82,
    83,
    84,
    85,
    86,
    87,
    88,
    89,
    90,
    92,
    91,
    93,
    94,
    95,
    96,
    97,
    98,
    99,
    100,
    101,
    102,
    103,
    104,
    105,
    106,
    107
  ],
  "pitch": [
    0,
    0,
    0,
    0,
    0,
    0,
    0.675,
    0,
    0,
    1.2,
    0,
    0,
    0,
    1.1,
    1.3,
    0,
    1.4,
    0,
    0,
    0,
    0,
    0,
    0,
    0,
    0,
    0,
    0,
    0,
    0,
    0,
    0,
    1,
    0,
    1,
    1,
    0,
    0,
    0,
    0,
    0,
    0,
    0,
    0,
    0,
    0,
    0,
    1.427136,
    0,
    0,
    0,
    0,
    0,
    0,
    0,
    0,
    0,
    0,
    0,
    0,
    0,
    0,
    0,
    0,
    0,
    0,
    0,
    0,
    0,
    0,
    0
  ],
  "p_offset": [
    1,
    1,
    1,
    1,
    1,
    1,
    0,
    0,
    0,
    0,
    0,
    0,
    0,
    0,
    0,
    0,
    0,
    0,
    0,
    0,
    0,
    0,
    0,
    0,
    0,
    0,
    0,
    0,
    0,
    0,
    0,
    0,
    0,
    0,
    0,
    0,
    0,
    0,
    0,
    0,
    0,
    0,
    0,
    0,
    0,
    0,
    0,
    0,
    0,
    0,
    0,
    0,
    0,
    0,
    0,
    0,
    0,
    0,
    0,
    0,
    0,
    0,
    0,
    0,
    0,
    0,
    0,
    0,
    0,
    0
  ],
  "pan": [
    0,
    0,
    0,
    0,
    0,
    0,
    0,
    0,
    0,
    0,
    0,
    0,
    0,
    0,
    0,
    0,
    0,
    0,
    0,
    0,
    0,
    0,
    0,
    0,
    0,
    0,
    0,
    0.282828,
    0.343434,
    0.1,
    0,
    0,
    0.191919,
    0,
    0,
    -0.343434,
    -0.484849,
    0,
    0,
    0,
    0.323232,
    0,
    0,
    0,
    -0.2,
    0,
    0.272727,
    0,
    0,
    0.080808,
    0,
    0,
    0.414141,
    -0.151515,
    0,
    0,
    0,
    0,
    0,
    -0.252525,
    0,
    0,
    0,
    0,
    0,
    0,
    0,
    0,
    0,
    0
  ],
  "vol_max": [
    0,
    1,
    1,
    1,
    1,
    1,
    1,
    1,
    0.7,
    1,
    0.7,
    1,
    0.7,
    1,
    1,
    1,
    1,
    1,
    1,
    1,
    1,
    1,
    1,
    1,
    1,
    1,
    1,
    0.75,
    0.56,
    1,
    1,
    1,
    0.79,
    0.73,
    1,
    0.89,
    0.74,
    0.93,
    1,
    1,
    0.86,
    0.74,
    0.9,
    0.9,
    0.8,
    0.8,
    0.77,
    0.8,
    0.8,
    0.83,
    1,
    0.78,
    0.88,
    0.9,
    0.94,
    0.9,
    0.9,
    0.9,
    0.8,
    0.9,
    0.9,
    1,
    1,
    0,
    0,
    0,
    0,
    0,
    0.9,
    0.8
  ],
  "vol_min": [
    0,
    0,
    0,
    0,
    0,
    0,
    0,
    0,
    0,
    0,
    0,
    0,
    0,
    0,
    0,
    0,
    0,
    0,
    0,
    0,
    0,
    0,
    0,
    0,
    0,
    0,
    0,
    0,
    0,
    0,
    0,
    0,
    0,
    0,
    0,
    0,
    0,
    0,
    0,
    0,
    0,
    0,
    0,
    0,
    0,
    0,
    0,
    0,
    0,
    0,
    0,
    0,
    0,
    0,
    0,
    0,
    0,
    0,
    0,
    0,
    0,
    0,
    0,
    0,
    0,
    0,
    0,
    0,
    0,
    0
  ],
  "reverb_send": [
    0,
    0,
    0,
    0,
    0,
    0,
    0,
    0,
    0,
    0,
    0,
    0,
    0,
    0,
    0,
    0,
    0,
    0,
    0,
    0,
    0,
    0,
    0,
    0,
    0,
    0,
    0,
    0,
    0.52,
    0.59,
    0,
    0,
    0,
    0,
    0,
    0.34,
    0,
    0.65,
    0,
    0,
    0,
    0,
    0,
    0,
    0.53,
    0,
    0,
    0,
    0,
    0.2,
    0,
    0,
    0.52,
    0.25,
    0.66,
    0,
    0,
    0.69,
    0,
    0,
    0,
    0,
    0,
    0,
    0,
    0,
    0,
    0,
    0,
    0
  ]
}