{
  "drums_volume": 0.95,
  "note": [
    210,
    211,
    212,
    213,
    214,
    215,
    44,
    45,
    46,
    47,
    48,
    49,
    50,
    51,
    52,
    53,
    54,
    55,
    56,
    57,
    58,
    59,
    60,
    61,
    62,
    63,
    64,
    65,
    66,
    67,
    68,
    69,
    70,
    71,
    72,
    73,
    74,
    75,
    76,
    77,
    78,
    79,
    80,
    81,
    82,
    83,
    84,
    85,
    86,
    87,
    88,
    89,
    90,
    92,
    91,
    93,
    94,
    95,
    96,
    97,
    98,
    99,
    100,
    101,
    102,
    103,
    104,
    105,
    106,
    107
  ],
  "pitch": [
    1.337025,
    0,
    0,
    0.48772,
    0,
    0,
    0,
    0,
    0.925,
    0,
    0,
    0,
    0,
    0,
    1.2,
    0,
    0,
    0,
    1.1,
    1.3,
    0,
    1.4,
    0,
    0,
    0,
    0,
    0,
    0,
    0,
    0,
    0,
    0,
    0,
    0,
    0,
    1.175,
    0,
    1,
    1.135,
    1.005,
    0,
    0,
    0,
    0,
    0,
    0,
    0,
    0,
    0,
    0,
    0,
    0,
    1,
    0,
    1,
    0,
    0,
    0.08,
    1.01,
    0,
    0,
    0,
    0,
    0,
    0,
    0,
    0,
    0,
    0,
    0
  ],
  "p_offset": [
    0.795,
    1,
    1,
    0.58,
    1,
    1,
    0,
    0.43,
    0.72,
    0,
    0,
    0,
    0,
    0,
    0,
    0,
    0,
    0,
    0,
    0,
    0,
    0,
    0,
    0,
    0,
    0,
    0,
    0,
    0,
    0,
    0,
    0,
    0,
    0,
    0,
    1.025,
    1,
    1,
    0.995,
    0.995,
    0,
    0,
    0,
    0,
    0,
    0,
    0,
    0,
    0,
    0,
    0,
    0,
    0.395,
    0,
    1,
    1.865,
    0,
    0,
    1.08,
    0,
    0,
    0,
    0,
    0,
    0,
    0,
    0,
    0,
    0,
    0
  ],
  "pan": [
    0,
    0,
    0,
    0,
    0,
    0,
    0,
    0,
    0,
    0,
    0,
    0,
    0,
    0,
    0,
    0,
    0,
    0,
    0,
    0,
    0,
    0,
    0,
    0,
    0,
    0,
    0,
    0,
    0,
    0,
    0,
    0,
    -0.2,
    -0.2,
    0.1,
    0,
    0,
    0.171717,
    0,
    0,
    0,
    0,
    0,
    0,
    0,
    0,
    0,
    0,
    0,
    -0.2,
    0,
    0.2,
    0.121212,
    0,
    0.030303,
    0,
    0,
    0,
    0,
    0,
    0,
    0,
    0,
    0,
    0,
    0,
    0,
    0,
    0,
    0
  ],
  "vol_max": [
    0.98,
    0.54,
    0.53,
    0.7,
    0.8,
    1,
    1,
    1,
    0.95,
    1,
    1,
    1,
    1,
    0.7,
    1,
    0.7,
    1,
    0.7,
    1,
    1,
    1,
    1,
    1,
    1,
    1,
    1,
    1,
    1,
    1,
    1,
    1,
    1,
    0.9,
    0.7,
    1,
    0.89,
    0.89,
    0.81,
    0.8,
    0.94,
    0.78,
    0.9,
    1,
    1,
    1,
    0.9,
    0.9,
    0.9,
    0.9,
    0.8,
    0.8,
    0.8,
    0.69,
    0.8,
    0.84,
    0.62,
    0.9,
    0.9,
    0.84,
    0.9,
    0.9,
    0.9,
    0.9,
    0.8,
    0.9,
    0.9,
    1,
    1,
    0.9,
    0.8
  ],
  "vol_min": [
    0,
    0,
    0,
    0,
    0,
    0,
    0,
    0,
    0,
    0,
    0,
    0,
    0,
    0,
    0,
    0,
    0,
    0,
    0,
    0,
    0,
    0,
    0,
    0,
    0,
    0,
    0,
    0,
    0,
    0,
    0,
    0,
    0,
    0,
    0,
    0,
    0,
    0,
    0,
    0,
    0,
    0,
    0,
    0,
    0,
    0,
    0,
    0,
    0,
    0,
    0,
    0,
    0,
    0,
    0,
    0,
    0,
    0,
    0,
    0,
    0,
    0,
    0,
    0,
    0,
    0,
    0,
    0,
    0,
    0
  ],
  "reverb_send": [
    0,
    0.9,
    0.86,
    0.51,
    0,
    0,
    0,
    0,
    0.45,
    0,
    0,
    0,
    0,
    0,
    0,
    0,
    0,
    0,
    0,
    0,
    0,
    0,
    0,
    0,
    0,
    0,
    0,
    0,
    0,
    0,
    0,
    0,
    0,
    0,
    0.1,
    0,
    0,
    0,
    0.06,
    0,
    0,
    0,
    0,
    0,
    0,
    0,
    0,
    0,
    0,
    0,
    0,
    0,
    0,
    0,
    0.15,
    0.17,
    0,
    0,
    0,
    0,
    0,
    0,
    0,
    0,
    0,
    0,
    0,
    0,
    0,
    0
  ]
}