{
  "drums_volume": 0.949999988,
  "note": [
    210,
    211,
    212,
    213,
    214,
    215,
    44,
    45,
    46,
    47,
    48,
    49,
    50,
    51,
    52,
    53,
    54,
    55,
    56,
    57,
    58,
    59,
    60,
    61,
    62,
    63,
    64,
    65,
    66,
    67,
    68,
    69,
    70,
    71,
    72,
    73,
    74,
    75,
    76,
    77,
    78,
    79,
    80,
    81,
    82,
    83,
    84,
    85,
    86,
    87,
    88,
    89,
    90,
    92,
    91,
    93,
    94,
    95,
    96,
    97,
    98,
    99,
    100,
    101,
    102,
    103,
    104,
    105,
    106,
    107
  ],
  "pitch": [
    1.337025046,
    0,
    0,
    0.487720013,
    0,
    0,
    0,
    0,
    0.925000012,
    0,
    0,
    0,
    0,
    0,
    1.200000048,
    0,
    0,
    0,
    1.100000024,
    1.299999952,
    0,
    1.399999976,
    0,
    0,
    0,
    0,
    0,
    0,
    0,
    0,
    0,
    0,
    0,
    0,
    0,
    1.174999952,
    0,
    1,
    1.13499999,
    1.004999995,
    0,
    0,
    0,
    0,
    0,
    0,
    0,
    0,
    0,
    0,
    0,
    0,
    1,
    0,
    1,
    0,
    0,
    0.079999998,
    1.00999999,
    0,
    0,
    0,
    0,
    0,
    0,
    0,
    0,
    0,
    0,
    0
  ],
  "p_offset": [
    0.795000017,
    1,
    1,
    0.579999983,
    1,
    1,
    0,
    0.430000007,
    0.720000029,
    0,
    0,
    0,
    0,
    0,
    0,
    0,
    0,
    0,
    0,
    0,
    0,
    0,
    0,
    0,
    0,
    0,
    0,
    0,
    0,
    0,
    0,
    0,
    0,
    0,
    0,
    1.024999976,
    1,
    1,
    0.995000005,
    0.995000005,
    0,
    0,
    0,
    0,
    0,
    0,
    0,
    0,
    0,
    0,
    0,
    0,
    0.395000011,
    0,
    1,
    1.86500001,
    0,
    0,
    1.080000043,
    0,
    0,
    0,
    0,
    0,
    0,
    0,
    0,
    0,
    0,
    0
  ],
  "pan": [
    0,
    0,
    0,
    0,
    0,
    0,
    0,
    0,
    0,
    0,
    0,
    0,
    0,
    0,
    0,
    0,
    0,
    0,
    0,
    0,
    0,
    0,
    0,
    0,
    0,
    0,
    0,
    0,
    0,
    0,
    0,
    0,
    -0.200000003,
    -0.200000003,
    0.100000001,
    0,
    0,
    0.171717003,
    0,
    0,
    0,
    0,
    0,
    0,
    0,
    0,
    0,
    0,
    0,
    -0.200000003,
    0,
    0.200000003,
    0.121211998,
    0,
    0.030303,
    0,
    0,
    0,
    0,
    0,
    0,
    0,
    0,
    0,
    0,
    0,
    0,
    0,
    0,
    0
  ],
  "vol_max": [
    0.980000019,
    0.540000021,
    0.529999971,
    0.699999988,
    0.800000012,
    1,
    1,
    1,
    0.949999988,
    1,
    1,
    1,
    1,
    0.699999988,
    1,
    0.699999988,
    1,
    0.699999988,
    1,
    1,
    1,
    1,
    1,
    1,
    1,
    1,
    1,
    1,
    1,
    1,
    1,
    1,
    0.899999976,
    0.699999988,
    1,
    0.889999986,
    0.889999986,
    0.810000002,
    0.800000012,
    0.939999998,
    0.779999971,
    0.899999976,
    1,
    1,
    1,
    0.899999976,
    0.899999976,
    0.899999976,
    0.899999976,
    0.800000012,
    0.800000012,
    0.800000012,
    0.689999998,
    0.800000012,
    0.839999974,
    0.620000005,
    0.899999976,
    0.899999976,
    0.839999974,
    0.899999976,
    0.899999976,
    0.899999976,
    0.899999976,
    0.800000012,
    0.899999976,
    0.899999976,
    1,
    1,
    0.899999976,
    0.800000012
  ],
  "vol_min": [
    0,
    0,
    0,
    0,
    0,
    0,
    0,
    0,
    0,
    0,
    0,
    0,
    0,
    0,
    0,
    0,
    0,
    0,
    0,
    0,
    0,
    0,
    0,
    0,
    0,
    0,
    0,
    0,
    0,
    0,
    0,
    0,
    0,
    0,
    0,
    0,
    0,
    0,
    0,
    0,
    0,
    0,
    0,
    0,
    0,
    0,
    0,
    0,
    0,
    0,
    0,
    0,
    0,
    0,
    0,
    0,
    0,
    0,
    0,
    0,
    0,
    0,
    0,
    0,
    0,
    0,
    0,
    0,
    0,
    0
  ],
  "reverb_send": [
    0,
    0.899999976,
    0.860000014,
    0.50999999,
    0,
    0,
    0,
    0,
    0.449999988,
    0,
    0,
    0,
    0,
    0,
    0,
    0,
    0,
    0,
    0,
    0,
    0,
    0,
    0,
    0,
    0,
    0,
    0,
    0,
    0,
    0,
    0,
    0,
    0,
    0,
    0.100000001,
    0,
    0,
    0,
    0.059999999,
    0,
    0,
    0,
    0,
    0,
    0,
    0,
    0,
    0,
    0,
    0,
    0,
    0,
    0,
    0,
    0.150000006,
    0.170000002,
    0,
    0,
    0,
    0,
    0,
    0,
    0,
    0,
    0,
    0,
    0,
    0,
    0,
    0
  ]
}