{
  "drums_volume": 0.949999988,
  "note": [
    210,
    211,
    212,
    213,
    214,
    215,
    44,
    45,
    46,
    47,
    48,
    49,
    50,
    51,
    52,
    53,
    54,
    55,
    56,
    57,
    58,
    59,
    60,
    61,
    62,
    63,
    64,
    65,
    66,
    67,
    68,
    69,
    70,
    71,
    72,
    73,
    74,
    75,
    76,
    77,
    78,
    79,
    80,
    81,
    82,
    83,
    84,
    85,
    86,
    87,
    88,
    89,
    90,
    92,
    91,
    93,
    94,
    95,
    96,
    97,
    98,
    99,
    100,
    101,
    102,
    103,
    104,
    105,
    106,
    107
  ],
  "pitch": [
    0,
    0,
    0,
    0,
    0,
    0,
    0.675000012,
    0,
    0,
    1.200000048,
    0,
    0,
    0,
    1.100000024,
    1.299999952,
    0,
    1.399999976,
    0,
    0,
    0,
    0,
    0,
    0,
    0,
    0,
    0,
    0,
    0,
    0,
    0,
    0,
    1,
    0,
    1,
    0.899999976,
    0,
    0,
    0,
    0,
    0,
    0,
    0,
    0,
    0,
    0,
    0,
    1.427135944,
    0,
    0,
    0,
    0,
    0,
    0,
    0,
    0,
    0,
    0,
    0,
    0,
    0,
    0,
    0,
    0,
    0,
    0,
    0,
    0,
    0,
    0,
    0
  ],
  "p_offset": [
    1,
    1,
    1,
    1,
    1,
    1,
    0,
    0,
    0,
    0,
    0,
    0,
    0,
    0,
    0,
    0,
    0,
    0,
    0,
    0,
    0,
    0,
    0,
    0,
    0,
    0,
    0,
    0,
    0,
    0,
    0,
    0,
    0,
    0,
    0,
    0,
    0,
    0,
    0,
    0,
    0,
    0,
    0,
    0,
    0,
    0,
    0,
    0,
    0,
    0,
    0,
    0,
    0,
    0,
    0,
    0,
    0,
    0,
    0,
    0,
    0,
    0,
    0,
    0,
    0,
    0,
    0,
    0,
    0,
    0
  ],
  "pan": [
    0,
    0,
    0,
    0,
    0,
    0,
    0,
    0,
    0,
    0,
    0,
    0,
    0,
    0,
    0,
    0,
    0,
    0,
    0,
    0,
    0,
    0,
    0,
    0,
    0,
    0,
    0,
    0.282828003,
    0.343434006,
    0.100000001,
    0,
    0,
    0.191918999,
    0,
    0,
    -0.343434006,
    -0.484849006,
    0,
    0,
    0,
    0.323231995,
    0,
    0,
    0,
    -0.200000003,
    0,
    0.272727013,
    0,
    0,
    0.080807999,
    0,
    0,
    0.414140999,
    -0.151515007,
    0,
    0,
    0,
    0,
    0,
    -0.252525002,
    0,
    0,
    0,
    0,
    0,
    0,
    0,
    0,
    0,
    0
  ],
  "vol_max": [
    0,
    1,
    1,
    1,
    1,
    1,
    1,
    1,
    0.699999988,
    1,
    0.699999988,
    1,
    0.699999988,
    1,
    1,
    1,
    1,
    1,
    1,
    1,
    1,
    1,
    1,
    1,
    1,
    1,
    1,
    0.75,
    0.560000002,
    1,
    1,
    1,
    0.790000021,
    0.730000019,
    1,
    0.889999986,
    0.74000001,
    0.930000007,
    1,
    1,
    0.860000014,
    0.74000001,
    0.899999976,
    0.899999976,
    0.800000012,
    0.800000012,
    0.769999981,
    0.800000012,
    0.800000012,
    0.829999983,
    1,
    0.779999971,
    0.879999995,
    0.899999976,
    0.939999998,
    0.899999976,
    0.899999976,
    0.899999976,
    0.800000012,
    0.899999976,
    0.899999976,
    1,
    1,
    0,
    0,
    0,
    0,
    0,
    0.899999976,
    0.800000012
  ],
  "vol_min": [
    0,
    0,
    0,
    0,
    0,
    0,
    0,
    0,
    0,
    0,
    0,
    0,
    0,
    0,
    0,
    0,
    0,
    0,
    0,
    0,
    0,
    0,
    0,
    0,
    0,
    0,
    0,
    0,
    0,
    0,
    0,
    0,
    0,
    0,
    0,
    0,
    0,
    0,
    0,
    0,
    0,
    0,
    0,
    0,
    0,
    0,
    0,
    0,
    0,
    0,
    0,
    0,
    0,
    0,
    0,
    0,
    0,
    0,
    0,
    0,
    0,
    0,
    0,
    0,
    0,
    0,
    0,
    0,
    0,
    0
  ],
  "reverb_send": [
    0,
    0,
    0,
    0,
    0,
    0,
    0,
    0,
    0,
    0,
    0,
    0,
    0,
    0,
    0,
    0,
    0,
    0,
    0,
    0,
    0,
    0,
    0,
    0,
    0,
    0,
    0,
    0,
    0.519999981,
    0.589999974,
    0,
    0,
    0,
    0,
    0,
    0.340000004,
    0,
    0.649999976,
    0,
    0,
    0,
    0,
    0,
    0,
    0.529999971,
    0,
    0,
    0,
    0,
    0.200000003,
    0,
    0,
    0.519999981,
    0.25,
    0.660000026,
    0,
    0,
    0.689999998,
    0,
    0,
    0,
    0,
    0,
    0,
    0,
    0,
    0,
    0,
    0,
    0
  ]
}